Step,Description,Table,Term,
1,"We sampled around the Sanctuary of Fauna and Flora in Malpelo, a remote oceanic island 490 km off the Colombia in the eastern tropical Pacific.",Event,"locality, higherGeography",
1,We sampled for 4 days (25-28 March 2018) at 1 site (El Arrecife).,Event,"eventDate, locality",
1,Malpelo is surrounded by deep water and fishing activities are prohibited in the surrounding 8757 km2.,Event,eventRemarks,
1,"The reef ecosystem around the island is influenced by major oceanic currents and local upwelling, and the benthos is bare rock with low coral cover.",Event,habitat,
1,Malpelo Island is one of the most pristine and vulnerable reef ecosystems in the tropical eastern Pacific.,NA,,
1,"We sampled eDNA in round surface transects. We did 5 identical transects at different times, corresponding to 10 samples (i.e., eDNA filters) because we collected 2 samples/transect.",Event,samplingProtocol,
1,"Transects sampled from a boat,",Event / eMOF,samplingProtocol / samplingInstrument,
1,we pumped 30 L of water/sample.,DNA / Event,samp_size / sampleSize & sampleSizeValue,
1,"We used an Athena peristaltic pump (Proactive Environmental Products, Bradenton, Florida) (nominal flow 1.0 L/min) on each side of the boat",Event / eMOF,samplingProtocol / measurementType + measurementValue,
1,"to filter water through a VigiDNA 0.20 µm cross-flow filtration capsule (SPYGEN, le Bourget du Lac, France).",DNA,size_frac,
1,"To avoid contamination, we used only disposable sterile tubing and gloves for each filtration capsule.",Event,samplingProtocol,
1,"Immediately after filtration, the filter units were filled with CL1 Conservation buffer (SPYGEN)",Event,samplingProtocol,
1,and stored at room temperature (20-25 °C) for 5.5 months until DNA extraction.,Event,samplingProtocol,
2,"The DNA extraction was performed in a dedicated laboratory for eDNA extraction equipped with positive air pressure, UV treatment, and frequent air renewal and decontamination procedures conducted before and after all manipulation.",no term,,
2,"For DNA extraction, we followed the protocol in Fernández et al. (2021).",DNA,nucl_acid_ext,
3,"For PCR amplification, we used 3 different primer pairs targeting distinct taxonomic groups: teleo, targeting teleost fishes and elasmobranchs (Valentini et al., 2016); Chon01, targeting elasmobranchs; and Vert01 (Taberlet et al., 2018), targeting vertebrates in general (primer sequences in Appendix S2).",DNA,"pcr_primers, pcr_primer_reference",
3,"The PCR mixture was denatured at 95 °C for 10 min, followed by 50 cycles of 30 s at 95 °C, 30 s at 55 °C for teleo and Vert01 and 58 °C for Chon01 and 1 min at 72 °C, and a final elongation step at 72 °C for 7 min.",DNA,pcr_cond,
3,"Twelve replicates of PCRs were run per sample (i.e., 24/transect because we had 2 field duplicates/transect).",DNA,link to full protocol in nucl_acid_amp,
3,"After amplification, samples were titrated using capillary electrophoresis (QIAxcel [Qiagen GmbH, Hilden, Germany]) and purified using a MinElute PCR purification kit (Qiagen GmbH, Hilden, Germany).",DNA,link to full protocol in nucl_acid_amp,
4,"The purified PCR products were pooled in equal volumes to achieve a theoretical sequencing depth of 1,000,000 reads/sample/marker.",DNA,lib_size,
4,Library preparation and sequencing were performed at Fasteris via a ligation protocol (Geneva).,no term,,
4,"Three libraries were prepared using the MetaFast protocol (Fasteris, Plan-les-Ouates, Switzerland).",no term,,
4,"For all libraries, a paired-end sequencing (2 x 125 bp) was carried out",DNA,lib_layout,
4,"..sequencing… was carried out with an Illumina HiSeq 2500 sequencer on 2 HiSeq Rapid Flow Cells (version 2) with the HiSeq Rapid SBS Kit (version 2) (Illumina, San Diego, CA, USA).",DNA,seq_meth,
4,"Three negative extraction controls and 1 negative PCR control (ultrapure water, 12 replicates) were amplified per primer pair and sequenced in parallel with the samples to monitor possible contaminants.",no term,,
5,"Following sequencing, reads were processed using clustering and postclustering cleaning to remove potential errors and estimate the number of species based on molecular operational taxonomic units (MOTUs).",DNA,sop,
5,Estimation of species diversity with MOTU richness was only performed using the teleo marker because other markers have not been tested extensively and their performance for estimating species richness remains unassessed.,NA,,
5,"For all markers, reads were assembled using Vsearch (Rognes et al., 2016) and then cut using Cutadapt (Martin, 2011).",DNA,sop,
5,"We used Swarm (Mahé et al., 2015) for clustering; the minimum distance of 1 mismatch between clusters followed Marques et al. (2020).",DNA,sop,
5,"We discarded all observations with fewer than 10 reads, corresponding to untargeted taxa or present in only 1 PCR in the dataset, to avoid spurious MOTUs originating from a PCR error because it is unlikely for the same error to be generated several times in distinct PCRs.",DNA,sop,
5,Chimeric sequences were discarded using UCHIME.,DNA,sop,
5,All sequences with a frequency of occurrence <0.0006/plate position in the same sequencing batch and <0.001/library were discarded to avoid index cross talk and tag jumps.,DNA,sop,
5,"For the teleo marker only, we applied the postclustering algorithm LULU to further refine diversity estimations based on MOTUs proxy.",DNA,sop,
5,"For all markers, taxonomic assignments of MOTUs sequences were carried out with the ecotag program from the OBITOOLS toolkit;",DNA / occurrence,sop / identificationRemarks,
5,the European Nucleotide Archive was used as a reference database (release 141).,DNA / occurrence,otu_db / identificationReferences,
5,"Taxonomic assignments were corrected to avoid overconfidence in assignments: species assignments were validated only for a 100% sequence match, genus for a 90–99% match, and family for an 85–90% match.",DNA / occurrence,sop / identificationRemarks,
5,Fish names were verified using the rfishbase R package.,occurrence,identificationRemarks,
5,All taxa assigned to deep water or mesophotic species or lineages were flagged and not analyzed due to a lack of trait values for the functional analysis.,occurrence,identificationRemarks,
5,The DNA sequence associated with asv1: TCTATCAAGAAACGTGGCCCATGCAGGAGGGTCTGTAGACTTTGCAATTTTTTCTCTACACTTAGCAGGTGTTAGATCAATTTTAGGGGCTGTAAACTTTATTAGTACGTTAGGTAATCTACGGGTATTCGGAATACTTTTAGACCGTATCCCTTTATTTGCCTGGTCCGTCTTGGTGACAGCTATTTTATTGTTATTGTCTTTACCTGTACTTGCCGGTGCCATTACGATATTATTAACTGACCGAAATTTAAATACTTCATTTTATGATGTTGGAGGGGGAGGAGACCCTATTCTCTACCAACACCTA,DNA,DNA_sequence,
5,asv1 was assigned to Acanthurus tractus,occurrence,scientificName,
5,The DNA sequence associated with asv2: TCTATCAAGAAACGTGGCCCATGCAGGAGGGTCTGTAGACTTTGCAATTTTTTCTCTACACTTAGCAGGTGTTAGATCAATTTTAGGGGCTGTAAACTTTATTAGTACGTTAGGTAATCTACGGGTATTCGGAATACTTTTAGACCGTATCCCTTTATTTGCCTGGTCCGTCTTGGTGACAGCTATTTTATTGTTATTGTCTTTACCTGTACTTGCCGGTGCCATTACGATATTATTAACTGACCGAAATTTAAATACTTCATTTTATGATGTTGGAGGGGGAGGAGACCCTATTCTCTACCAACACCTA,DNA,DNA_sequence,
5,asv2 was assigned to Platybelone argalus,occurrence,scientificName,
5,asv2 has 2447 DNA reads in sample 2,occurrence,"organismQuantity, organismQuantityType",
5,asv1 had 40587 DNA reads in sample 1,occurrence,"organismQuantity, organismQuantityType",
,,,,
